draw_date,winning_numbers,mill_ball
2026-09-26,19 27 34 35 50,4
2026-09-25,11 15 22 50 53,3
2026-09-24,01 04 17 25 40,3
2026-09-23,11 13 17 20 52,1
2026-09-22,04 21 23 32 51,4
2026-09-21,07 14 40 44 51,1
2026-09-20,14 28 30 37 42,3
2026-09-19,04 18 21 45 52,2
2026-09-18,11 25 37 41 42,3
2026-09-17,07 28 30 31 58,3
2026-09-16,04 25 30 40 46,4
2026-09-15,05 06 14 36 38,3
2026-09-14,01 12 37 40 44,4
2026-09-13,05 08 27 40 46,1
2026-09-12,02 13 42 45 58,2
2026-09-11,05 08 20 50 52,2
2026-09-10,07 16 43 50 58,1
2026-09-09,02 25 54 55 57,2
2026-09-08,14 19 36 41 42,2
2026-09-07,01 14 35 42 51,2
2026-09-06,17 30 39 40 55,4
2026-09-05,08 22 24 38 58,3
2026-09-04,13 34 41 51 52,4
2026-09-03,01 10 23 29 33,3
2026-09-02,07 23 43 46 53,3
2026-09-01,16 37 45 55 58,4
2026-08-31,02 09 30 37 45,4
2026-08-30,09 27 36 54 56,3
2026-08-29,02 07 26 45 52,4
2026-08-28,08 10 11 12 44,2
2026-08-27,03 07 29 35 49,5
2026-08-26,03 25 51 54 56,4
2026-08-25,24 45 50 53 57,3
2026-08-24,07 19 26 41 49,4
2026-08-23,15 28 32 55 57,1
2026-08-22,07 17 27 36 39,4
2026-08-21,01 20 25 56 57,2
2026-08-20,01 16 26 40 44,4
2026-08-19,10 12 26 44 57,4
2026-08-18,04 18 29 32 37,4
2026-08-17,03 06 33 42 48,4
2026-08-16,10 13 41 43 52,2
2026-08-15,12 13 26 35 43,4
2026-08-14,12 15 18 28 35,3
2026-08-13,07 16 25 35 42,2
2026-08-12,08 22 23 28 35,3
2026-08-11,09 10 11 14 35,1
2026-08-10,02 24 30 40 51,5
2026-08-09,08 22 31 57 58,3
2026-08-08,02 05 10 49 52,3
2026-08-07,16 33 35 47 49,5
2026-08-06,07 20 42 48 51,3
2026-08-05,25 27 32 38 54,3
2026-08-04,05 21 46 49 52,3
2026-08-03,06 07 17 44 46,2
2026-08-02,04 28 44 55 56,4
2026-08-01,15 18 31 32 47,1
2026-07-31,02 06 28 44 45,2
2026-07-30,06 35 38 46 58,3
2026-07-29,09 10 25 27 36,1
