full_ticket,extra_pair,sum_all_5,high_freq_score,pair_seen_together,has_consecutive
04-13-17-31-55 MB:04,17-55,120,40,4,no
01-04-13-31-55 MB:04,01-55,104,40,2,no
04-13-21-31-55 MB:04,21-55,124,38,2,no
03-04-13-31-55 MB:04,03-55,106,38,1,yes
04-13-18-31-55 MB:04,18-55,121,36,4,no
04-13-19-31-55 MB:04,19-55,122,36,4,no
01-04-13-31-54 MB:04,01-54,103,36,3,no
04-13-15-31-55 MB:04,15-55,118,36,2,no
04-13-30-31-55 MB:04,30-55,133,36,2,yes
04-13-17-31-54 MB:04,17-54,119,36,1,no
04-13-20-31-55 MB:04,20-55,123,35,2,no
01-04-13-31-32 MB:04,01-32,81,35,1,yes
04-13-17-31-32 MB:04,17-32,97,35,1,yes
02-04-13-31-55 MB:04,02-55,105,35,0,no
01-04-13-31-50 MB:04,01-50,99,34,2,no
04-13-17-31-50 MB:04,17-50,115,34,2,no
04-13-25-31-55 MB:04,25-55,128,34,2,no
04-06-13-31-55 MB:04,06-55,109,34,1,no
04-08-13-31-55 MB:04,08-55,111,34,1,no
04-13-21-31-54 MB:04,21-54,123,34,1,no
03-04-13-31-54 MB:04,03-54,105,34,0,yes
04-13-29-31-55 MB:04,29-55,132,34,0,no
04-13-14-31-55 MB:04,14-55,117,33,2,yes
04-13-17-31-42 MB:04,17-42,107,33,2,no
01-04-13-31-48 MB:04,01-48,97,33,1,no
04-13-17-31-48 MB:04,17-48,113,33,1,no
01-04-13-31-42 MB:04,01-42,91,33,0,no
03-04-13-31-32 MB:04,03-32,83,33,0,yes
04-13-21-31-32 MB:04,21-32,101,33,0,yes
04-07-13-31-55 MB:04,07-55,110,32,3,no
01-04-13-31-45 MB:04,01-45,94,32,2,no
03-04-13-31-50 MB:04,03-50,101,32,2,yes
04-13-15-31-54 MB:04,15-54,117,32,2,no
04-13-17-31-45 MB:04,17-45,110,32,2,no
04-13-19-31-54 MB:04,19-54,121,32,2,no
04-13-21-31-50 MB:04,21-50,119,32,2,no
04-13-18-31-54 MB:04,18-54,120,32,1,no
04-13-26-31-55 MB:04,26-55,129,32,1,no
04-13-30-31-54 MB:04,30-54,132,32,1,yes
04-13-16-31-55 MB:04,16-55,119,32,0,no
01-04-13-31-46 MB:04,01-46,95,31,4,no
01-04-13-31-47 MB:04,01-47,96,31,4,no
01-04-13-31-35 MB:04,01-35,84,31,3,no
02-04-13-31-54 MB:04,02-54,104,31,3,no
03-04-13-31-48 MB:04,03-48,99,31,3,yes
04-13-17-31-43 MB:04,17-43,108,31,3,no
04-13-17-31-57 MB:04,17-57,122,31,3,no
04-13-18-31-32 MB:04,18-32,98,31,3,yes
04-13-20-31-54 MB:04,20-54,122,31,3,no
04-13-21-31-42 MB:04,21-42,111,31,3,no
01-04-13-31-57 MB:04,01-57,106,31,2,no
04-13-15-31-32 MB:04,15-32,95,31,2,yes
04-13-17-31-47 MB:04,17-47,112,31,2,no
04-13-17-31-56 MB:04,17-56,121,31,2,no
04-13-21-31-48 MB:04,21-48,117,31,2,no
04-13-24-31-55 MB:04,24-55,127,31,2,no
04-13-28-31-55 MB:04,28-55,131,31,2,no
01-04-13-31-37 MB:04,01-37,86,31,1,no
03-04-13-31-42 MB:04,03-42,93,31,1,yes
04-13-17-31-37 MB:04,17-37,102,31,1,no
04-13-30-31-32 MB:04,30-32,110,31,1,yes
01-04-13-31-43 MB:04,01-43,92,31,0,no
01-04-13-31-51 MB:04,01-51,100,31,0,no
01-04-13-31-56 MB:04,01-56,105,31,0,no
04-13-17-31-35 MB:04,17-35,100,31,0,no
04-13-17-31-46 MB:04,17-46,111,31,0,no
04-13-17-31-51 MB:04,17-51,116,31,0,no
04-13-19-31-32 MB:04,19-32,99,31,0,yes
02-04-13-31-32 MB:04,02-32,82,30,3,yes
03-04-13-31-45 MB:04,03-45,96,30,3,yes
04-13-17-31-53 MB:04,17-53,118,30,3,no
04-11-13-31-55 MB:04,11-55,114,30,2,no
01-04-13-31-38 MB:04,01-38,87,30,1,no
01-04-13-31-53 MB:04,01-53,102,30,1,no
04-06-13-31-54 MB:04,06-54,108,30,1,no
04-08-13-31-54 MB:04,08-54,110,30,1,no
04-09-13-31-55 MB:04,09-55,112,30,1,no
04-12-13-31-55 MB:04,12-55,115,30,1,yes
04-13-15-31-50 MB:04,15-50,113,30,1,no
04-13-17-31-38 MB:04,17-38,103,30,1,no
04-13-18-31-50 MB:04,18-50,116,30,1,no
04-13-20-31-32 MB:04,20-32,100,30,1,yes
04-13-21-31-45 MB:04,21-45,114,30,1,no
04-13-25-31-54 MB:04,25-54,127,30,1,no
04-10-13-31-55 MB:04,10-55,113,30,0,no
04-13-19-31-50 MB:04,19-50,117,30,0,no
04-13-29-31-54 MB:04,29-54,131,30,0,no
04-13-30-31-50 MB:04,30-50,128,30,0,yes
01-04-13-31-40 MB:04,01-40,89,29,3,no
04-13-18-31-48 MB:04,18-48,114,29,3,no
01-04-13-31-39 MB:04,01-39,88,29,2,no
01-04-13-31-58 MB:04,01-58,107,29,2,no
03-04-13-31-35 MB:04,03-35,86,29,2,yes
03-04-13-31-46 MB:04,03-46,97,29,2,yes
03-04-13-31-56 MB:04,03-56,107,29,2,yes
03-04-13-31-57 MB:04,03-57,108,29,2,yes
04-08-13-31-32 MB:04,08-32,88,29,2,yes
04-13-17-31-33 MB:04,17-33,98,29,2,no
04-13-17-31-39 MB:04,17-39,104,29,2,no
04-13-17-31-40 MB:04,17-40,105,29,2,no
04-13-19-31-42 MB:04,19-42,109,29,2,no
04-13-19-31-48 MB:04,19-48,115,29,2,no
04-13-21-31-35 MB:04,21-35,104,29,2,no
04-13-21-31-43 MB:04,21-43,112,29,2,no
04-13-21-31-46 MB:04,21-46,115,29,2,no
04-13-23-31-55 MB:04,23-55,126,29,2,no
01-04-13-31-33 MB:04,01-33,82,29,1,no
01-04-13-31-44 MB:04,01-44,93,29,1,no
02-04-13-31-50 MB:04,02-50,100,29,1,no
03-04-13-31-37 MB:04,03-37,88,29,1,yes
03-04-13-31-43 MB:04,03-43,94,29,1,yes
03-04-13-31-47 MB:04,03-47,98,29,1,yes
04-05-13-31-55 MB:04,05-55,108,29,1,yes
04-06-13-31-32 MB:04,06-32,86,29,1,yes
04-13-14-31-54 MB:04,14-54,116,29,1,yes
04-13-17-31-44 MB:04,17-44,109,29,1,no
04-13-17-31-58 MB:04,17-58,123,29,1,no
04-13-20-31-50 MB:04,20-50,118,29,1,no
04-13-21-31-37 MB:04,21-37,106,29,1,no
04-13-21-31-47 MB:04,21-47,116,29,1,no
04-13-21-31-51 MB:04,21-51,120,29,1,no
04-13-21-31-57 MB:04,21-57,126,29,1,no
04-13-22-31-55 MB:04,22-55,125,29,1,no
04-13-25-31-32 MB:04,25-32,105,29,1,yes
04-13-29-31-32 MB:04,29-32,109,29,1,yes
04-13-30-31-48 MB:04,30-48,126,29,1,yes
01-04-13-31-41 MB:04,01-41,90,29,0,no
03-04-13-31-51 MB:04,03-51,102,29,0,yes
04-13-15-31-42 MB:04,15-42,105,29,0,no
04-13-15-31-48 MB:04,15-48,111,29,0,no
04-13-17-31-41 MB:04,17-41,106,29,0,no
04-13-18-31-42 MB:04,18-42,108,29,0,no
04-13-21-31-56 MB:04,21-56,125,29,0,no
04-13-30-31-42 MB:04,30-42,120,29,0,yes
04-13-17-31-34 MB:04,17-34,99,28,3,no
04-13-29-31-50 MB:04,29-50,127,28,3,no
04-13-25-31-50 MB:04,25-50,123,28,2,no
01-04-13-31-34 MB:04,01-34,83,28,1,no
03-04-13-31-38 MB:04,03-38,89,28,1,yes
04-06-13-31-50 MB:04,06-50,104,28,1,no
04-13-14-31-32 MB:04,14-32,94,28,1,yes
04-13-15-31-45 MB:04,15-45,108,28,1,no
04-13-17-31-36 MB:04,17-36,101,28,1,no
04-13-17-31-49 MB:04,17-49,114,28,1,no
04-13-20-31-42 MB:04,20-42,110,28,1,no
04-13-20-31-48 MB:04,20-48,116,28,1,no
04-13-21-31-38 MB:04,21-38,107,28,1,no
04-13-21-31-53 MB:04,21-53,122,28,1,no
04-13-26-31-54 MB:04,26-54,128,28,1,no
04-13-30-31-45 MB:04,30-45,123,28,1,yes
01-04-13-31-36 MB:04,01-36,85,28,0,no
01-04-13-31-49 MB:04,01-49,98,28,0,no
02-04-13-31-42 MB:04,02-42,92,28,0,no
02-04-13-31-48 MB:04,02-48,98,28,0,no
03-04-13-31-53 MB:04,03-53,104,28,0,yes
04-07-13-31-54 MB:04,07-54,109,28,0,no
04-08-13-31-50 MB:04,08-50,106,28,0,no
04-13-16-31-54 MB:04,16-54,118,28,0,no
04-13-18-31-45 MB:04,18-45,111,28,0,no
04-13-19-31-45 MB:04,19-45,112,28,0,no
04-13-27-31-55 MB:04,27-55,130,28,0,no
04-13-15-31-51 MB:04,15-51,114,27,3,no
04-13-18-31-43 MB:04,18-43,109,27,3,no
04-13-19-31-37 MB:04,19-37,104,27,3,no
03-04-13-31-44 MB:04,03-44,95,27,2,yes
04-06-13-31-42 MB:04,06-42,96,27,2,no
04-08-13-31-42 MB:04,08-42,98,27,2,no
04-13-14-31-50 MB:04,14-50,112,27,2,yes
04-13-15-31-37 MB:04,15-37,100,27,2,no
04-13-15-31-43 MB:04,15-43,106,27,2,no
04-13-15-31-56 MB:04,15-56,119,27,2,no
04-13-18-31-56 MB:04,18-56,122,27,2,no
04-13-19-31-35 MB:04,19-35,102,27,2,no
04-13-19-31-43 MB:04,19-43,110,27,2,no
04-13-21-31-39 MB:04,21-39,108,27,2,no
04-13-26-31-32 MB:04,26-32,106,27,2,yes
04-13-29-31-48 MB:04,29-48,125,27,2,no
04-13-30-31-46 MB:04,30-46,124,27,2,yes
03-04-13-31-40 MB:04,03-40,91,27,1,yes
04-06-13-31-48 MB:04,06-48,102,27,1,no
04-08-13-31-48 MB:04,08-48,104,27,1,no
04-13-15-31-35 MB:04,15-35,98,27,1,no
04-13-15-31-46 MB:04,15-46,109,27,1,no
04-13-15-31-57 MB:04,15-57,120,27,1,no
04-13-18-31-35 MB:04,18-35,101,27,1,no
04-13-18-31-37 MB:04,18-37,103,27,1,no
04-13-18-31-46 MB:04,18-46,112,27,1,no
04-13-18-31-47 MB:04,18-47,113,27,1,no
04-13-18-31-51 MB:04,18-51,117,27,1,no
04-13-19-31-47 MB:04,19-47,114,27,1,no
04-13-19-31-56 MB:04,19-56,123,27,1,no
04-13-20-31-45 MB:04,20-45,113,27,1,no
04-13-21-31-33 MB:04,21-33,102,27,1,no
04-13-21-31-40 MB:04,21-40,109,27,1,no
04-13-21-31-44 MB:04,21-44,113,27,1,no
04-13-24-31-54 MB:04,24-54,126,27,1,no
04-13-25-31-42 MB:04,25-42,115,27,1,no
04-13-25-31-48 MB:04,25-48,121,27,1,no
04-13-28-31-54 MB:04,28-54,130,27,1,no
04-13-29-31-42 MB:04,29-42,119,27,1,no
04-13-30-31-43 MB:04,30-43,121,27,1,yes
04-13-30-31-56 MB:04,30-56,134,27,1,yes
04-13-30-31-57 MB:04,30-57,135,27,1,yes
02-04-13-31-45 MB:04,02-45,95,27,0,no
03-04-13-31-33 MB:04,03-33,84,27,0,yes
03-04-13-31-39 MB:04,03-39,90,27,0,yes
03-04-13-31-41 MB:04,03-41,92,27,0,yes
03-04-13-31-58 MB:04,03-58,109,27,0,yes
04-07-13-31-32 MB:04,07-32,87,27,0,yes
04-13-15-31-47 MB:04,15-47,110,27,0,no
04-13-16-31-32 MB:04,16-32,96,27,0,yes
04-13-18-31-57 MB:04,18-57,123,27,0,no
04-13-19-31-46 MB:04,19-46,113,27,0,no
04-13-19-31-51 MB:04,19-51,118,27,0,no
04-13-19-31-57 MB:04,19-57,124,27,0,no
04-13-21-31-41 MB:04,21-41,110,27,0,no
04-13-21-31-58 MB:04,21-58,127,27,0,no
04-13-30-31-35 MB:04,30-35,113,27,0,yes
04-13-30-31-37 MB:04,30-37,115,27,0,yes
04-13-30-31-47 MB:04,30-47,125,27,0,yes
04-13-30-31-51 MB:04,30-51,129,27,0,yes
02-04-13-31-57 MB:04,02-57,107,26,4,no
04-13-19-31-38 MB:04,19-38,105,26,4,no
02-04-13-31-51 MB:04,02-51,101,26,3,no
04-10-13-31-54 MB:04,10-54,112,26,3,no
04-13-19-31-53 MB:04,19-53,120,26,3,no
02-04-13-31-56 MB:04,02-56,106,26,2,no
03-04-13-31-49 MB:04,03-49,100,26,2,yes
04-09-13-31-54 MB:04,09-54,111,26,2,no
04-13-15-31-53 MB:04,15-53,116,26,2,no
04-13-16-31-50 MB:04,16-50,114,26,2,no
04-13-18-31-38 MB:04,18-38,104,26,2,no
02-04-13-31-35 MB:04,02-35,85,26,1,no
02-04-13-31-37 MB:04,02-37,87,26,1,no
02-04-13-31-47 MB:04,02-47,97,26,1,no
03-04-13-31-34 MB:04,03-34,85,26,1,yes
03-04-13-31-36 MB:04,03-36,87,26,1,yes
04-08-13-31-45 MB:04,08-45,101,26,1,no
04-11-13-31-54 MB:04,11-54,113,26,1,no
04-12-13-31-54 MB:04,12-54,114,26,1,yes
04-13-14-31-42 MB:04,14-42,104,26,1,yes
04-13-15-31-38 MB:04,15-38,101,26,1,no
04-13-18-31-53 MB:04,18-53,119,26,1,no
04-13-20-31-35 MB:04,20-35,103,26,1,no
04-13-20-31-37 MB:04,20-37,105,26,1,no
04-13-20-31-43 MB:04,20-43,111,26,1,no
04-13-20-31-46 MB:04,20-46,114,26,1,no
04-13-20-31-51 MB:04,20-51,119,26,1,no
04-13-21-31-34 MB:04,21-34,103,26,1,no
04-13-21-31-49 MB:04,21-49,118,26,1,no
04-13-24-31-32 MB:04,24-32,104,26,1,yes
04-13-26-31-50 MB:04,26-50,124,26,1,no
04-13-30-31-38 MB:04,30-38,116,26,1,yes
02-04-13-31-43 MB:04,02-43,93,26,0,no
02-04-13-31-46 MB:04,02-46,96,26,0,no
04-06-13-31-45 MB:04,06-45,99,26,0,no
04-07-13-31-50 MB:04,07-50,105,26,0,no
04-13-14-31-48 MB:04,14-48,110,26,0,yes
04-13-20-31-47 MB:04,20-47,115,26,0,no
04-13-20-31-56 MB:04,20-56,124,26,0,no
04-13-20-31-57 MB:04,20-57,125,26,0,no
04-13-21-31-36 MB:04,21-36,105,26,0,no
04-13-25-31-45 MB:04,25-45,118,26,0,no
04-13-28-31-32 MB:04,28-32,108,26,0,yes
04-13-29-31-45 MB:04,29-45,122,26,0,no
04-13-30-31-53 MB:04,30-53,131,26,0,yes
04-13-25-31-37 MB:04,25-37,110,25,3,no
04-06-13-31-43 MB:04,06-43,97,25,2,no
04-06-13-31-56 MB:04,06-56,110,25,2,no
04-07-13-31-42 MB:04,07-42,97,25,2,no
04-08-13-31-47 MB:04,08-47,103,25,2,no
04-08-13-31-51 MB:04,08-51,107,25,2,no
04-08-13-31-56 MB:04,08-56,112,25,2,no
04-13-15-31-33 MB:04,15-33,96,25,2,no
04-13-15-31-58 MB:04,15-58,121,25,2,no
04-13-16-31-48 MB:04,16-48,112,25,2,no
04-13-18-31-39 MB:04,18-39,105,25,2,no
04-13-22-31-54 MB:04,22-54,124,25,2,no
04-13-25-31-35 MB:04,25-35,108,25,2,no
04-13-25-31-47 MB:04,25-47,120,25,2,no
04-13-29-31-51 MB:04,29-51,128,25,2,no
04-13-29-31-57 MB:04,29-57,134,25,2,no
04-13-30-31-39 MB:04,30-39,117,25,2,yes
02-04-13-31-38 MB:04,02-38,88,25,1,no
04-06-13-31-35 MB:04,06-35,89,25,1,no
04-06-13-31-37 MB:04,06-37,91,25,1,no
04-06-13-31-46 MB:04,06-46,100,25,1,no
04-06-13-31-47 MB:04,06-47,101,25,1,no
04-06-13-31-51 MB:04,06-51,105,25,1,no
04-06-13-31-57 MB:04,06-57,111,25,1,no
04-08-13-31-37 MB:04,08-37,93,25,1,no
04-08-13-31-46 MB:04,08-46,102,25,1,no
04-10-13-31-32 MB:04,10-32,90,25,1,yes
04-12-13-31-32 MB:04,12-32,92,25,1,yes
04-13-14-31-45 MB:04,14-45,107,25,1,yes
04-13-15-31-41 MB:04,15-41,104,25,1,no
04-13-18-31-44 MB:04,18-44,110,25,1,no
04-13-18-31-58 MB:04,18-58,124,25,1,no
04-13-19-31-40 MB:04,19-40,107,25,1,no
04-13-19-31-41 MB:04,19-41,108,25,1,no
04-13-20-31-38 MB:04,20-38,106,25,1,no
04-13-25-31-56 MB:04,25-56,129,25,1,no
04-13-28-31-50 MB:04,28-50,126,25,1,no
04-13-29-31-35 MB:04,29-35,112,25,1,no
04-13-29-31-46 MB:04,29-46,123,25,1,no
04-13-29-31-47 MB:04,29-47,124,25,1,no
04-13-30-31-33 MB:04,30-33,111,25,1,yes
04-13-30-31-40 MB:04,30-40,118,25,1,yes
04-13-30-31-41 MB:04,30-41,119,25,1,yes
04-13-30-31-58 MB:04,30-58,136,25,1,yes
02-04-13-31-53 MB:04,02-53,103,25,0,no
04-05-13-31-54 MB:04,05-54,107,25,0,yes
04-07-13-31-48 MB:04,07-48,103,25,0,no
04-08-13-31-35 MB:04,08-35,91,25,0,no
04-08-13-31-43 MB:04,08-43,99,25,0,no
04-08-13-31-57 MB:04,08-57,113,25,0,no
04-09-13-31-32 MB:04,09-32,89,25,0,yes
04-11-13-31-32 MB:04,11-32,91,25,0,yes
04-13-15-31-39 MB:04,15-39,102,25,0,no
04-13-15-31-40 MB:04,15-40,103,25,0,no
04-13-15-31-44 MB:04,15-44,107,25,0,no
04-13-16-31-42 MB:04,16-42,106,25,0,no
04-13-18-31-33 MB:04,18-33,99,25,0,no
04-13-18-31-40 MB:04,18-40,106,25,0,no
04-13-18-31-41 MB:04,18-41,107,25,0,no
04-13-19-31-33 MB:04,19-33,100,25,0,no
04-13-19-31-39 MB:04,19-39,106,25,0,no
04-13-19-31-44 MB:04,19-44,111,25,0,no
04-13-19-31-58 MB:04,19-58,125,25,0,no
04-13-20-31-53 MB:04,20-53,121,25,0,no
04-13-23-31-54 MB:04,23-54,125,25,0,no
04-13-24-31-50 MB:04,24-50,122,25,0,no
04-13-25-31-43 MB:04,25-43,116,25,0,no
04-13-25-31-46 MB:04,25-46,119,25,0,no
04-13-25-31-51 MB:04,25-51,124,25,0,no
04-13-25-31-57 MB:04,25-57,130,25,0,no
04-13-26-31-42 MB:04,26-42,116,25,0,no
04-13-26-31-48 MB:04,26-48,122,25,0,no
04-13-29-31-37 MB:04,29-37,114,25,0,no
04-13-29-31-43 MB:04,29-43,120,25,0,no
04-13-29-31-56 MB:04,29-56,133,25,0,no
04-13-30-31-44 MB:04,30-44,122,25,0,yes
02-04-13-31-41 MB:04,02-41,91,24,3,no
04-13-14-31-57 MB:04,14-57,119,24,3,yes
04-13-24-31-42 MB:04,24-42,114,24,3,no
04-13-30-31-49 MB:04,30-49,127,24,3,yes
04-13-14-31-51 MB:04,14-51,113,24,2,yes
04-13-20-31-40 MB:04,20-40,108,24,2,no
04-13-28-31-42 MB:04,28-42,118,24,2,no
01-04-13-31-52 MB:04,01-52,101,24,1,no
02-04-13-31-40 MB:04,02-40,90,24,1,no
02-04-13-31-58 MB:04,02-58,108,24,1,no
04-05-13-31-32 MB:04,05-32,85,24,1,yes
04-06-13-31-38 MB:04,06-38,92,24,1,no
04-07-13-31-45 MB:04,07-45,100,24,1,no
04-08-13-31-53 MB:04,08-53,109,24,1,no
04-10-13-31-50 MB:04,10-50,108,24,1,no
04-12-13-31-50 MB:04,12-50,110,24,1,yes
04-13-14-31-35 MB:04,14-35,97,24,1,yes
04-13-14-31-43 MB:04,14-43,105,24,1,yes
04-13-14-31-46 MB:04,14-46,108,24,1,yes
04-13-14-31-47 MB:04,14-47,109,24,1,yes
04-13-15-31-49 MB:04,15-49,112,24,1,no
04-13-16-31-45 MB:04,16-45,109,24,1,no
04-13-18-31-34 MB:04,18-34,100,24,1,no
04-13-19-31-34 MB:04,19-34,101,24,1,no
04-13-19-31-36 MB:04,19-36,103,24,1,no
04-13-20-31-33 MB:04,20-33,101,24,1,no
04-13-20-31-39 MB:04,20-39,107,24,1,no
04-13-20-31-44 MB:04,20-44,112,24,1,no
04-13-20-31-58 MB:04,20-58,126,24,1,no
04-13-25-31-53 MB:04,25-53,126,24,1,no
04-13-26-31-45 MB:04,26-45,119,24,1,no
04-13-28-31-48 MB:04,28-48,124,24,1,no
04-13-29-31-38 MB:04,29-38,115,24,1,no
02-04-13-31-33 MB:04,02-33,83,24,0,no
02-04-13-31-39 MB:04,02-39,89,24,0,no
02-04-13-31-44 MB:04,02-44,94,24,0,no
04-06-13-31-53 MB:04,06-53,107,24,0,no
04-08-13-31-38 MB:04,08-38,94,24,0,no
04-09-13-31-50 MB:04,09-50,107,24,0,no
04-11-13-31-50 MB:04,11-50,109,24,0,no
04-13-14-31-37 MB:04,14-37,99,24,0,yes
04-13-14-31-56 MB:04,14-56,118,24,0,yes
04-13-15-31-34 MB:04,15-34,97,24,0,no
04-13-15-31-36 MB:04,15-36,99,24,0,no
04-13-17-31-52 MB:04,17-52,117,24,0,no
04-13-18-31-36 MB:04,18-36,102,24,0,no
04-13-18-31-49 MB:04,18-49,115,24,0,no
04-13-19-31-49 MB:04,19-49,116,24,0,no
04-13-20-31-41 MB:04,20-41,109,24,0,no
04-13-22-31-32 MB:04,22-32,102,24,0,yes
04-13-23-31-32 MB:04,23-32,103,24,0,yes
04-13-24-31-48 MB:04,24-48,120,24,0,no
04-13-25-31-38 MB:04,25-38,111,24,0,no
04-13-27-31-54 MB:04,27-54,129,24,0,no
04-13-29-31-53 MB:04,29-53,130,24,0,no
04-13-30-31-34 MB:04,30-34,112,24,0,yes
04-13-30-31-36 MB:04,30-36,114,24,0,yes
04-13-16-31-43 MB:04,16-43,107,23,3,no
04-07-13-31-37 MB:04,07-37,92,23,2,no
04-07-13-31-51 MB:04,07-51,106,23,2,no
04-08-13-31-39 MB:04,08-39,95,23,2,no
04-10-13-31-42 MB:04,10-42,100,23,2,no
04-13-20-31-49 MB:04,20-49,117,23,2,no
04-13-23-31-50 MB:04,23-50,121,23,2,no
04-13-25-31-33 MB:04,25-33,106,23,2,no
04-13-26-31-43 MB:04,26-43,117,23,2,no
04-13-26-31-47 MB:04,26-47,121,23,2,no
04-13-26-31-51 MB:04,26-51,125,23,2,no
04-13-26-31-56 MB:04,26-56,130,23,2,no
02-04-13-31-49 MB:04,02-49,99,23,1,no
04-06-13-31-33 MB:04,06-33,87,23,1,no
04-06-13-31-39 MB:04,06-39,93,23,1,no
04-06-13-31-41 MB:04,06-41,95,23,1,no
04-06-13-31-44 MB:04,06-44,98,23,1,no
04-06-13-31-58 MB:04,06-58,112,23,1,no
04-07-13-31-35 MB:04,07-35,90,23,1,no
04-07-13-31-46 MB:04,07-46,101,23,1,no
04-07-13-31-47 MB:04,07-47,102,23,1,no
04-07-13-31-56 MB:04,07-56,111,23,1,no
04-07-13-31-57 MB:04,07-57,112,23,1,no
04-08-13-31-40 MB:04,08-40,96,23,1,no
04-08-13-31-41 MB:04,08-41,97,23,1,no
04-08-13-31-44 MB:04,08-44,100,23,1,no
04-08-13-31-58 MB:04,08-58,114,23,1,no
04-09-13-31-42 MB:04,09-42,99,23,1,no
04-09-13-31-48 MB:04,09-48,105,23,1,no
04-10-13-31-48 MB:04,10-48,106,23,1,no
04-12-13-31-48 MB:04,12-48,108,23,1,yes
04-13-16-31-35 MB:04,16-35,99,23,1,no
04-13-16-31-37 MB:04,16-37,101,23,1,no
04-13-16-31-51 MB:04,16-51,115,23,1,no
04-13-20-31-34 MB:04,20-34,102,23,1,no
04-13-22-31-50 MB:04,22-50,120,23,1,no
04-13-24-31-45 MB:04,24-45,117,23,1,no
04-13-25-31-39 MB:04,25-39,112,23,1,no
04-13-25-31-40 MB:04,25-40,113,23,1,no
04-13-25-31-44 MB:04,25-44,117,23,1,no
04-13-25-31-58 MB:04,25-58,131,23,1,no
04-13-26-31-46 MB:04,26-46,120,23,1,no
04-13-27-31-32 MB:04,27-32,107,23,1,yes
04-13-29-31-41 MB:04,29-41,118,23,1,no
04-13-29-31-44 MB:04,29-44,121,23,1,no
02-04-13-31-34 MB:04,02-34,84,23,0,no
02-04-13-31-36 MB:04,02-36,86,23,0,no
04-05-13-31-50 MB:04,05-50,103,23,0,yes
04-06-13-31-40 MB:04,06-40,94,23,0,no
04-07-13-31-43 MB:04,07-43,98,23,0,no
04-08-13-31-33 MB:04,08-33,89,23,0,no
04-11-13-31-42 MB:04,11-42,101,23,0,no
04-11-13-31-48 MB:04,11-48,107,23,0,no
04-12-13-31-42 MB:04,12-42,102,23,0,yes
04-13-14-31-38 MB:04,14-38,100,23,0,yes
04-13-14-31-53 MB:04,14-53,115,23,0,yes
04-13-16-31-46 MB:04,16-46,110,23,0,no
04-13-16-31-47 MB:04,16-47,111,23,0,no
04-13-16-31-56 MB:04,16-56,120,23,0,no
04-13-16-31-57 MB:04,16-57,121,23,0,no
04-13-20-31-36 MB:04,20-36,104,23,0,no
04-13-25-31-41 MB:04,25-41,114,23,0,no
04-13-26-31-35 MB:04,26-35,109,23,0,no
04-13-26-31-37 MB:04,26-37,111,23,0,no
04-13-26-31-57 MB:04,26-57,131,23,0,no
04-13-28-31-45 MB:04,28-45,121,23,0,no
04-13-29-31-33 MB:04,29-33,110,23,0,no
04-13-29-31-39 MB:04,29-39,116,23,0,no
04-13-29-31-40 MB:04,29-40,117,23,0,no
04-13-29-31-58 MB:04,29-58,135,23,0,no
04-05-13-31-42 MB:04,05-42,95,22,3,yes
04-07-13-31-38 MB:04,07-38,93,22,3,no
04-11-13-31-45 MB:04,11-45,104,22,3,no
04-06-13-31-34 MB:04,06-34,88,22,2,no
04-13-25-31-36 MB:04,25-36,109,22,2,no
04-13-27-31-50 MB:04,27-50,125,22,2,no
04-13-29-31-49 MB:04,29-49,126,22,2,no
04-05-13-31-48 MB:04,05-48,101,22,1,yes
04-06-13-31-36 MB:04,06-36,90,22,1,no
04-08-13-31-34 MB:04,08-34,90,22,1,no
04-08-13-31-49 MB:04,08-49,105,22,1,no
04-09-13-31-45 MB:04,09-45,102,22,1,no
04-10-13-31-45 MB:04,10-45,103,22,1,no
04-13-14-31-39 MB:04,14-39,101,22,1,yes
04-13-14-31-44 MB:04,14-44,106,22,1,yes
04-13-14-31-58 MB:04,14-58,120,22,1,yes
04-13-16-31-53 MB:04,16-53,117,22,1,no
04-13-23-31-48 MB:04,23-48,119,22,1,no
04-13-24-31-37 MB:04,24-37,109,22,1,no
04-13-24-31-47 MB:04,24-47,119,22,1,no
04-13-24-31-57 MB:04,24-57,129,22,1,no
04-13-25-31-34 MB:04,25-34,107,22,1,no
04-13-26-31-38 MB:04,26-38,112,22,1,no
04-13-26-31-53 MB:04,26-53,127,22,1,no
04-13-28-31-46 MB:04,28-46,122,22,1,no
04-13-28-31-47 MB:04,28-47,123,22,1,no
04-13-28-31-51 MB:04,28-51,127,22,1,no
04-13-29-31-34 MB:04,29-34,111,22,1,no
04-13-29-31-36 MB:04,29-36,113,22,1,no
03-04-13-31-52 MB:04,03-52,103,22,0,yes
04-06-13-31-49 MB:04,06-49,103,22,0,no
04-07-13-31-53 MB:04,07-53,108,22,0,no
04-08-13-31-36 MB:04,08-36,92,22,0,no
04-12-13-31-45 MB:04,12-45,105,22,0,yes
04-13-14-31-33 MB:04,14-33,95,22,0,yes
04-13-14-31-40 MB:04,14-40,102,22,0,yes
04-13-14-31-41 MB:04,14-41,103,22,0,yes
04-13-16-31-38 MB:04,16-38,102,22,0,no
04-13-21-31-52 MB:04,21-52,121,22,0,no
04-13-22-31-42 MB:04,22-42,112,22,0,no
04-13-22-31-48 MB:04,22-48,118,22,0,no
04-13-23-31-42 MB:04,23-42,113,22,0,no
04-13-24-31-35 MB:04,24-35,107,22,0,no
04-13-24-31-43 MB:04,24-43,115,22,0,no
04-13-24-31-46 MB:04,24-46,118,22,0,no
04-13-24-31-51 MB:04,24-51,123,22,0,no
04-13-24-31-56 MB:04,24-56,128,22,0,no
04-13-25-31-49 MB:04,25-49,122,22,0,no
04-13-28-31-35 MB:04,28-35,111,22,0,no
04-13-28-31-37 MB:04,28-37,113,22,0,no
04-13-28-31-43 MB:04,28-43,119,22,0,no
04-13-28-31-56 MB:04,28-56,132,22,0,no
04-13-28-31-57 MB:04,28-57,133,22,0,no
04-13-16-31-41 MB:04,16-41,105,21,3,no
04-09-13-31-57 MB:04,09-57,114,21,2,no
04-10-13-31-37 MB:04,10-37,95,21,2,no
04-11-13-31-56 MB:04,11-56,115,21,2,no
04-12-13-31-46 MB:04,12-46,106,21,2,yes
04-13-16-31-33 MB:04,16-33,97,21,2,no
04-13-24-31-38 MB:04,24-38,110,21,2,no
04-13-26-31-44 MB:04,26-44,118,21,2,no
04-07-13-31-33 MB:04,07-33,88,21,1,no
04-09-13-31-35 MB:04,09-35,92,21,1,no
04-09-13-31-46 MB:04,09-46,103,21,1,no
04-10-13-31-35 MB:04,10-35,93,21,1,no
04-10-13-31-56 MB:04,10-56,114,21,1,no
04-11-13-31-35 MB:04,11-35,94,21,1,no
04-11-13-31-43 MB:04,11-43,102,21,1,no
04-12-13-31-35 MB:04,12-35,95,21,1,yes
04-12-13-31-37 MB:04,12-37,97,21,1,yes
04-12-13-31-43 MB:04,12-43,103,21,1,yes
04-12-13-31-47 MB:04,12-47,107,21,1,yes
04-12-13-31-56 MB:04,12-56,116,21,1,yes
04-13-14-31-34 MB:04,14-34,96,21,1,yes
04-13-23-31-45 MB:04,23-45,116,21,1,no
04-13-26-31-40 MB:04,26-40,114,21,1,no
04-13-26-31-41 MB:04,26-41,115,21,1,no
04-13-27-31-48 MB:04,27-48,123,21,1,no
04-05-13-31-45 MB:04,05-45,98,21,0,yes
04-07-13-31-39 MB:04,07-39,94,21,0,no
04-07-13-31-40 MB:04,07-40,95,21,0,no
04-07-13-31-41 MB:04,07-41,96,21,0,no
04-07-13-31-44 MB:04,07-44,99,21,0,no
04-07-13-31-58 MB:04,07-58,113,21,0,no
04-09-13-31-37 MB:04,09-37,94,21,0,no
04-09-13-31-43 MB:04,09-43,100,21,0,no
04-09-13-31-47 MB:04,09-47,104,21,0,no
04-09-13-31-51 MB:04,09-51,108,21,0,no
04-09-13-31-56 MB:04,09-56,113,21,0,no
04-10-13-31-43 MB:04,10-43,101,21,0,no
04-10-13-31-46 MB:04,10-46,104,21,0,no
04-10-13-31-47 MB:04,10-47,105,21,0,no
04-10-13-31-51 MB:04,10-51,109,21,0,no
04-10-13-31-57 MB:04,10-57,115,21,0,no
04-11-13-31-37 MB:04,11-37,96,21,0,no
04-11-13-31-46 MB:04,11-46,105,21,0,no
04-11-13-31-47 MB:04,11-47,106,21,0,no
04-11-13-31-51 MB:04,11-51,110,21,0,no
04-11-13-31-57 MB:04,11-57,116,21,0,no
04-12-13-31-51 MB:04,12-51,111,21,0,yes
04-12-13-31-57 MB:04,12-57,117,21,0,yes
04-13-14-31-36 MB:04,14-36,98,21,0,yes
04-13-14-31-49 MB:04,14-49,111,21,0,yes
04-13-16-31-39 MB:04,16-39,103,21,0,no
04-13-16-31-40 MB:04,16-40,104,21,0,no
04-13-16-31-44 MB:04,16-44,108,21,0,no
04-13-16-31-58 MB:04,16-58,122,21,0,no
04-13-22-31-45 MB:04,22-45,115,21,0,no
04-13-24-31-53 MB:04,24-53,125,21,0,no
04-13-26-31-33 MB:04,26-33,107,21,0,no
04-13-26-31-39 MB:04,26-39,113,21,0,no
04-13-26-31-58 MB:04,26-58,132,21,0,no
04-13-27-31-42 MB:04,27-42,117,21,0,no
04-13-28-31-38 MB:04,28-38,114,21,0,no
04-13-28-31-53 MB:04,28-53,129,21,0,no
04-10-13-31-53 MB:04,10-53,111,20,2,no
04-05-13-31-47 MB:04,05-47,100,20,1,yes
04-05-13-31-51 MB:04,05-51,104,20,1,yes
04-09-13-31-38 MB:04,09-38,95,20,1,no
04-11-13-31-53 MB:04,11-53,112,20,1,no
04-12-13-31-53 MB:04,12-53,113,20,1,yes
04-13-16-31-49 MB:04,16-49,113,20,1,no
04-13-18-31-52 MB:04,18-52,118,20,1,no
04-13-22-31-35 MB:04,22-35,105,20,1,no
04-13-22-31-47 MB:04,22-47,117,20,1,no
04-13-22-31-57 MB:04,22-57,127,20,1,no
04-13-23-31-35 MB:04,23-35,106,20,1,no
04-13-23-31-51 MB:04,23-51,122,20,1,no
04-13-24-31-44 MB:04,24-44,116,20,1,no
04-13-26-31-36 MB:04,26-36,110,20,1,no
04-13-27-31-45 MB:04,27-45,120,20,1,no
04-13-28-31-33 MB:04,28-33,109,20,1,no
04-13-28-31-41 MB:04,28-41,117,20,1,no
04-13-28-31-44 MB:04,28-44,120,20,1,no
04-13-30-31-52 MB:04,30-52,130,20,1,yes
04-05-13-31-35 MB:04,05-35,88,20,0,yes
04-05-13-31-37 MB:04,05-37,90,20,0,yes
04-05-13-31-43 MB:04,05-43,96,20,0,yes
04-05-13-31-46 MB:04,05-46,99,20,0,yes
04-05-13-31-56 MB:04,05-56,109,20,0,yes
04-05-13-31-57 MB:04,05-57,110,20,0,yes
04-07-13-31-34 MB:04,07-34,89,20,0,no
04-07-13-31-36 MB:04,07-36,91,20,0,no
04-07-13-31-49 MB:04,07-49,104,20,0,no
04-09-13-31-53 MB:04,09-53,110,20,0,no
04-10-13-31-38 MB:04,10-38,96,20,0,no
04-11-13-31-38 MB:04,11-38,97,20,0,no
04-12-13-31-38 MB:04,12-38,98,20,0,yes
04-13-15-31-52 MB:04,15-52,115,20,0,no
04-13-16-31-34 MB:04,16-34,98,20,0,no
04-13-16-31-36 MB:04,16-36,100,20,0,no
04-13-19-31-52 MB:04,19-52,119,20,0,no
04-13-22-31-37 MB:04,22-37,107,20,0,no
04-13-22-31-43 MB:04,22-43,113,20,0,no
04-13-22-31-46 MB:04,22-46,116,20,0,no
04-13-22-31-51 MB:04,22-51,121,20,0,no
04-13-22-31-56 MB:04,22-56,126,20,0,no
04-13-23-31-37 MB:04,23-37,108,20,0,no
04-13-23-31-43 MB:04,23-43,114,20,0,no
04-13-23-31-46 MB:04,23-46,117,20,0,no
04-13-23-31-47 MB:04,23-47,118,20,0,no
04-13-23-31-56 MB:04,23-56,127,20,0,no
04-13-23-31-57 MB:04,23-57,128,20,0,no
04-13-24-31-33 MB:04,24-33,105,20,0,no
04-13-24-31-39 MB:04,24-39,111,20,0,no
04-13-24-31-40 MB:04,24-40,112,20,0,no
04-13-24-31-41 MB:04,24-41,113,20,0,no
04-13-24-31-58 MB:04,24-58,130,20,0,no
04-13-26-31-34 MB:04,26-34,108,20,0,no
04-13-26-31-49 MB:04,26-49,123,20,0,no
04-13-28-31-39 MB:04,28-39,115,20,0,no
04-13-28-31-40 MB:04,28-40,116,20,0,no
04-13-28-31-58 MB:04,28-58,134,20,0,no
04-09-13-31-33 MB:04,09-33,90,19,2,no
04-12-13-31-39 MB:04,12-39,99,19,2,yes
04-12-13-31-58 MB:04,12-58,118,19,2,yes
04-13-23-31-38 MB:04,23-38,109,19,2,no
04-13-24-31-49 MB:04,24-49,121,19,2,no
04-13-27-31-43 MB:04,27-43,118,19,2,no
04-13-27-31-56 MB:04,27-56,131,19,2,no
04-09-13-31-39 MB:04,09-39,96,19,1,no
04-09-13-31-41 MB:04,09-41,98,19,1,no
04-11-13-31-39 MB:04,11-39,98,19,1,no
04-11-13-31-41 MB:04,11-41,100,19,1,no
04-11-13-31-58 MB:04,11-58,117,19,1,no
04-12-13-31-33 MB:04,12-33,93,19,1,yes
04-12-13-31-40 MB:04,12-40,100,19,1,yes
04-13-24-31-34 MB:04,24-34,106,19,1,no
04-13-27-31-51 MB:04,27-51,126,19,1,no
04-13-28-31-34 MB:04,28-34,110,19,1,no
02-04-13-31-52 MB:04,02-52,102,19,0,no
04-05-13-31-38 MB:04,05-38,91,19,0,yes
04-05-13-31-53 MB:04,05-53,106,19,0,yes
04-09-13-31-40 MB:04,09-40,97,19,0,no
04-09-13-31-44 MB:04,09-44,101,19,0,no
04-09-13-31-58 MB:04,09-58,115,19,0,no
04-10-13-31-33 MB:04,10-33,91,19,0,no
04-10-13-31-39 MB:04,10-39,97,19,0,no
04-10-13-31-40 MB:04,10-40,98,19,0,no
04-10-13-31-41 MB:04,10-41,99,19,0,no
04-10-13-31-44 MB:04,10-44,102,19,0,no
04-10-13-31-58 MB:04,10-58,116,19,0,no
04-11-13-31-33 MB:04,11-33,92,19,0,no
04-11-13-31-40 MB:04,11-40,99,19,0,no
04-11-13-31-44 MB:04,11-44,103,19,0,no
04-12-13-31-41 MB:04,12-41,101,19,0,yes
04-12-13-31-44 MB:04,12-44,104,19,0,yes
04-13-20-31-52 MB:04,20-52,120,19,0,no
04-13-22-31-38 MB:04,22-38,108,19,0,no
04-13-22-31-53 MB:04,22-53,123,19,0,no
04-13-23-31-53 MB:04,23-53,124,19,0,no
04-13-24-31-36 MB:04,24-36,108,19,0,no
04-13-27-31-35 MB:04,27-35,110,19,0,no
04-13-27-31-37 MB:04,27-37,112,19,0,no
04-13-27-31-46 MB:04,27-46,121,19,0,no
04-13-27-31-47 MB:04,27-47,122,19,0,no
04-13-27-31-57 MB:04,27-57,132,19,0,no
04-13-28-31-36 MB:04,28-36,112,19,0,no
04-13-28-31-49 MB:04,28-49,125,19,0,no
04-05-13-31-44 MB:04,05-44,97,18,2,yes
04-11-13-31-49 MB:04,11-49,108,18,2,no
04-12-13-31-36 MB:04,12-36,96,18,2,yes
04-13-23-31-33 MB:04,23-33,104,18,2,no
04-09-13-31-34 MB:04,09-34,91,18,1,no
04-10-13-31-36 MB:04,10-36,94,18,1,no
04-10-13-31-49 MB:04,10-49,107,18,1,no
04-11-13-31-34 MB:04,11-34,93,18,1,no
04-13-22-31-39 MB:04,22-39,109,18,1,no
04-13-22-31-44 MB:04,22-44,114,18,1,no
04-13-22-31-58 MB:04,22-58,128,18,1,no
04-13-23-31-41 MB:04,23-41,112,18,1,no
04-13-23-31-44 MB:04,23-44,115,18,1,no
04-05-13-31-33 MB:04,05-33,86,18,0,yes
04-05-13-31-39 MB:04,05-39,92,18,0,yes
04-05-13-31-40 MB:04,05-40,93,18,0,yes
04-05-13-31-41 MB:04,05-41,94,18,0,yes
04-05-13-31-58 MB:04,05-58,111,18,0,yes
04-06-13-31-52 MB:04,06-52,106,18,0,no
04-08-13-31-52 MB:04,08-52,108,18,0,no
04-09-13-31-36 MB:04,09-36,93,18,0,no
04-09-13-31-49 MB:04,09-49,106,18,0,no
04-10-13-31-34 MB:04,10-34,92,18,0,no
04-11-13-31-36 MB:04,11-36,95,18,0,no
04-12-13-31-34 MB:04,12-34,94,18,0,yes
04-12-13-31-49 MB:04,12-49,109,18,0,yes
04-13-22-31-33 MB:04,22-33,103,18,0,no
04-13-22-31-40 MB:04,22-40,110,18,0,no
04-13-22-31-41 MB:04,22-41,111,18,0,no
04-13-23-31-39 MB:04,23-39,110,18,0,no
04-13-23-31-40 MB:04,23-40,111,18,0,no
04-13-23-31-58 MB:04,23-58,129,18,0,no
04-13-25-31-52 MB:04,25-52,125,18,0,no
04-13-27-31-38 MB:04,27-38,113,18,0,no
04-13-27-31-53 MB:04,27-53,128,18,0,no
04-13-29-31-52 MB:04,29-52,129,18,0,no
04-13-27-31-44 MB:04,27-44,119,17,2,no
04-05-13-31-34 MB:04,05-34,87,17,1,yes
04-05-13-31-49 MB:04,05-49,102,17,1,yes
04-13-22-31-34 MB:04,22-34,104,17,1,no
04-13-22-31-36 MB:04,22-36,106,17,1,no
04-13-23-31-34 MB:04,23-34,105,17,1,no
04-13-23-31-36 MB:04,23-36,107,17,1,no
04-05-13-31-36 MB:04,05-36,89,17,0,yes
04-13-14-31-52 MB:04,14-52,114,17,0,yes
04-13-22-31-49 MB:04,22-49,119,17,0,no
04-13-23-31-49 MB:04,23-49,120,17,0,no
04-13-27-31-33 MB:04,27-33,108,17,0,no
04-13-27-31-39 MB:04,27-39,114,17,0,no
04-13-27-31-40 MB:04,27-40,115,17,0,no
04-13-27-31-41 MB:04,27-41,116,17,0,no
04-13-27-31-58 MB:04,27-58,133,17,0,no
04-13-27-31-49 MB:04,27-49,124,16,2,no
04-13-16-31-52 MB:04,16-52,116,16,1,no
04-13-26-31-52 MB:04,26-52,126,16,1,no
04-07-13-31-52 MB:04,07-52,107,16,0,no
04-13-27-31-34 MB:04,27-34,109,16,0,no
04-13-27-31-36 MB:04,27-36,111,16,0,no
04-13-24-31-52 MB:04,24-52,124,15,0,no
04-13-28-31-52 MB:04,28-52,128,15,0,no
04-09-13-31-52 MB:04,09-52,109,14,0,no
04-10-13-31-52 MB:04,10-52,110,14,0,no
04-11-13-31-52 MB:04,11-52,111,14,0,no
04-12-13-31-52 MB:04,12-52,112,14,0,yes
04-05-13-31-52 MB:04,05-52,105,13,0,yes
04-13-22-31-52 MB:04,22-52,122,13,0,no
04-13-23-31-52 MB:04,23-52,123,13,0,no
04-13-27-31-52 MB:04,27-52,127,12,0,no
